CENTROID_X,CENTROID_Y,Population
292,216,1700
212,265,586
181,285,260
56,125,327
236,249,511
280,217,3257
203,169,300
285,196,4496
167,170,250
228,109,424
246,316,952
222,269,550
210,214,511
62,225,97
138,138,1911
252,143,419
252,113,92
246,152,1405
102,199,2097
169,39,550
84,73,1982
239,304,508
76,12,441
127,42,1673
92,276,486
299,149,3013
259,220,961
222,209,547
263,142,562
221,202,1486
144,48,2437
45,85,353
235,180,572
235,87,353
147,34,526
187,251,1029
179,172,156
205,379,457
128,206,385
268,243,979
216,220,332
177,376,925
252,151,589
201,251,169
209,389,1793
282,232,1628
112,150,1986
288,205,1854
228,76,2085
233,156,771
191,245,450
132,131,715
174,222,1630
234,217,528
101,64,905
98,53,597
278,244,5565
298,196,5623
171,52,691
116,131,1075
166,162,337
96,99,672
251,98,523
247,144,855
163,110,2143
218,238,213
53,107,502
185,291,91
163,270,120
167,321,195
287,209,3484
257,101,549
50,98,722
101,148,709
257,295,883
144,48,1667
252,155,525
151,96,374
207,205,759
44,232,439
213,182,425
143,47,1191
228,261,901
161,155,1870
96,180,90
241,247,427
271,206,6257
159,94,194
200,232,111
266,112,984
77,112,322
80,18,311
87,93,371
136,302,347
184,258,897
291,238,707
132,132,736
214,208,273
285,205,3449
139,358,120
250,86,824
254,109,421
245,123,285
102,109,5104
90,50,451
292,213,5806
93,256,551
219,166,174
133,236,470
154,301,374
204,221,127
144,312,5222
19,48,280
167,263,162
243,160,433
83,204,1044
141,48,607
73,32,1082
160,222,334
287,207,1944
288,211,4085
240,222,550
293,204,2955
281,214,11320
60,199,1283
202,176,171
272,170,258
287,204,2074
295,216,4854
52,51,146
41,22,1483
293,205,2083
263,195,21597
201,161,832
234,259,1129
56,289,303
146,259,155
135,149,143
142,48,2185
233,79,9545
148,393,1440
142,66,674
166,354,4027
292,213,3590
293,205,3122
107,56,574
245,306,912
157,296,123
232,108,150
102,200,2966
137,144,340
57,46,279
175,387,379
294,215,1490
207,255,301
130,152,413
234,289,1598
288,209,1312
71,209,316
302,184,10731
235,88,269
41,309,939
101,159,314
142,48,1162
229,100,651
280,198,921
203,274,959
222,245,1344
74,0,342
300,202,1756
229,188,2404
203,248,247
142,46,773
280,202,17824
218,198,1607
236,120,274
226,191,396
159,273,379
124,35,652
198,366,653
129,161,298
64,123,143
82,66,753
187,217,774
251,257,911
75,19,336
63,204,835
114,191,1371
166,78,244
278,282,1710
240,319,1162
297,214,2169
125,116,1692
148,97,304
163,55,596
151,141,457
187,406,241
214,204,599
118,307,469
187,206,465
202,94,354
143,255,2971
119,52,553
45,106,578
156,44,8353
133,132,1517
219,100,1835
300,193,6459
69,228,172
285,264,924
135,54,5607
214,165,465
262,100,374
285,132,316
193,130,1102
296,211,7107
288,291,1356
236,245,301
89,283,837
287,212,1478
31,60,256
242,198,331
62,17,201
292,213,2051
148,129,1238
244,112,270
58,5,186
253,250,913
272,88,865
293,222,2674
249,165,392
176,131,394
272,147,178
257,138,513
145,298,388
130,37,1024
281,83,528
143,60,659
51,12,177
269,78,2246
169,260,194
271,276,1573
171,227,809
289,198,1111
286,214,2904
288,212,2577
99,83,211
16,86,434
75,15,267
105,286,383
241,188,859
157,320,172
188,86,727
215,108,210
104,238,663
232,414,705
255,123,208
97,93,310
254,133,580
76,150,714
283,207,11316
289,215,2458
137,45,1934
295,239,8116
288,212,5650
174,303,154
236,323,220
242,174,167
124,218,775
132,131,1198
236,87,1520
183,213,689
233,87,2556
165,371,157
162,246,388
297,233,3458
289,203,4602
260,108,1252
169,239,529
290,223,7711
159,38,2601
138,34,1226
210,113,429
85,78,458
129,241,363
283,149,427
263,230,1560
199,272,326
232,230,506
148,148,3124
190,259,1475
159,146,688
233,117,2347
186,268,370
97,226,1159
227,293,206
165,252,174
190,268,237
117,15,761
206,271,212
131,134,2891
298,221,7429
126,102,548
199,129,176
207,250,382
302,214,8294
107,203,949
251,212,733
218,255,265
271,132,460
264,149,277
288,203,3288
297,203,2225
241,289,518
285,137,456
226,213,204
186,287,1107
186,211,715
290,213,3286
295,171,304
37,233,279
108,152,1478
84,8,1300
230,304,397
169,112,449
94,48,243
279,278,6932
242,81,600
91,87,161
223,255,427
182,265,170
135,353,677
81,2,738
131,94,429
142,206,527
148,324,193
277,83,582
221,165,1071
233,86,944
214,113,496
126,125,1451
164,142,224
286,215,3319
49,72,4355
191,284,158
237,287,1087
114,240,664
296,204,2658
167,136,333
163,181,310
202,245,250
115,188,801
166,189,276
158,228,356
68,308,100
151,104,333
151,109,664
125,140,1281
225,86,757
151,120,1506
171,68,382
128,28,702
103,180,120
240,112,816
288,206,3490
226,424,935
269,152,526
105,176,117
281,213,5153
53,36,178
252,120,275
234,183,465
129,210,722
133,133,2653
280,91,1139
143,74,257
139,104,340
157,244,471
101,98,280
245,196,399
66,111,115
238,204,816
89,175,951
281,240,1949
265,259,1248
146,229,305
126,247,1061
286,211,1534
203,216,378
189,279,186
207,145,332
168,312,239
172,278,325
151,200,434
183,87,472
87,169,139
184,384,521
114,281,366
185,138,499
94,229,646
163,278,413
235,86,883
270,286,846
143,261,313
217,169,668
285,122,785
147,188,464
171,183,304
188,55,574
102,85,410
279,108,1437
183,201,635
210,294,546
272,115,2666
69,90,354
88,265,7308
284,290,1016
163,38,525
253,101,475
237,84,2722
191,95,465
39,64,1080
142,45,662
124,237,837
246,296,286
257,269,644
191,126,271
118,226,6060
287,127,1159
265,236,1227
207,232,322
215,119,1641
299,214,5680
289,209,3966
98,206,2142
162,49,3881
233,163,300
177,394,186
118,137,983
100,200,15185
250,179,677
93,310,428
133,132,2035
212,126,508
284,203,1934
212,407,3836
187,259,839
234,88,763
224,131,5782
128,129,18388
187,60,404
180,238,302
185,170,523
199,154,591
268,109,1361
120,36,798
189,396,1491
101,222,1531
95,129,183
79,120,476
143,46,786
211,143,459
82,166,353
224,273,697
292,207,3003
151,115,547
109,76,415
217,249,182
121,308,309
248,141,395
241,215,753
238,208,7001
135,70,884
202,155,260
77,103,488
94,147,280
230,111,175
253,83,850
161,195,359
51,250,355
299,179,4009
250,90,686
204,197,1457
235,194,1050
184,97,707
175,53,1539
147,305,443
185,57,590
200,222,361
131,104,1199
152,205,576
82,172,820
108,147,2984
214,75,269
148,350,899
151,222,522
192,408,575
289,210,4471
289,214,3521
287,209,3930
110,80,1935
137,264,689
256,96,568
209,102,354
216,133,343
104,139,238
127,106,321
194,239,709
28,84,113
142,148,2055
127,256,335
211,249,152
208,151,309
208,200,11437
217,159,2780
131,296,173
200,159,192
286,213,2427
156,357,399
279,283,2176
221,140,520
113,16,4061
288,205,792
297,200,5951
219,419,2339
133,142,581
48,294,712
192,189,1385
103,201,1912
128,236,441
237,130,1518
106,103,411
57,220,354
106,200,1319
294,237,16495
173,171,503
177,177,177
86,9,2706
150,291,432
152,178,270
228,209,1364
82,112,1018
286,209,2414
260,282,685
222,224,495
209,121,346
176,96,607
284,251,10424
179,71,1237
107,110,513
171,282,1224
146,208,670
89,116,403
77,237,200
231,121,322
117,216,1072
60,129,223
239,184,4897
232,238,1072
245,181,1081
115,68,489
299,202,2860
250,100,246
256,194,983
283,201,8478
244,179,477
251,128,405
219,262,828
292,214,2463
58,88,17825
102,54,873
120,285,597
78,45,136
199,277,300
133,186,385
140,48,769
101,292,3084
133,265,831
234,320,304
181,115,2971
234,88,742
233,95,744
234,250,212
176,271,225
267,130,2284
87,3,498
173,130,232
205,244,363
147,115,574
295,205,2982
141,49,963
200,389,1214
138,351,557
231,284,277
171,213,736
280,258,1757
199,194,711
258,167,267
293,210,7695
128,122,426
213,122,165
289,212,3174
91,54,851
247,153,14546
289,211,1785
294,213,3658
299,201,1357
229,163,167
300,169,2724
111,93,407
203,151,1206
135,213,131
234,122,224
219,137,456
170,250,208
151,357,310
7,41,164
235,293,681
136,116,538
262,96,563
244,318,1218
120,165,211
96,21,360
79,204,1453
179,200,349
131,130,1371
148,66,605
193,141,552
256,175,231
287,211,2953
228,241,202
143,47,1611
246,295,1533
291,202,2028
121,185,477
10,75,396
288,206,3741
213,176,661
262,243,28117
246,290,623
194,257,681
170,115,370
255,171,1133
80,276,248
255,153,373
81,147,193
132,99,643
290,211,3963
143,187,481
80,143,427
185,223,724
87,164,2331
108,251,4308
167,158,616
260,125,457
114,90,469
267,136,409
112,158,497
145,121,909
58,40,576
156,119,1082
190,191,117
260,296,723
110,167,300
94,202,1415
180,193,324
130,187,303
160,64,392
219,115,252
78,36,208
52,253,325
107,83,1518
146,46,4937
99,126,927
86,260,795
263,158,875
113,145,1966
36,91,981
175,275,685
23,52,1823
196,294,587
288,208,2188
182,268,206
103,101,361
120,177,3033
241,242,1046
181,173,377
105,201,910
293,286,2185
241,300,496
289,209,2606
227,138,670
105,114,513
270,86,492
255,94,559
291,185,333
292,204,2736
269,189,920
183,398,512
127,191,906
194,261,274
293,202,8035
97,264,985
284,214,6195
242,169,2971
140,45,2064
0,72,182
195,414,260
90,297,564
145,219,365
185,416,867
245,285,292
67,82,271
201,406,102
227,105,346
146,315,724
183,364,372
57,107,647
211,256,298
118,232,707
231,115,923
177,382,127
253,191,14781
129,115,353
149,42,1086
246,174,660
116,257,748
189,177,466
41,28,804
297,201,1680
264,282,645
139,327,573
64,74,438
116,245,621
270,265,2935
177,163,165
144,197,342
69,203,2472
152,270,87
172,402,1952
120,195,1748
90,241,3770
74,96,227
156,268,310
286,223,2263
47,310,1954
70,117,369
290,210,5965
193,107,440
261,208,2403
108,228,366
200,173,279
128,170,257
172,46,2757
240,144,445
141,46,723
127,111,327
196,416,299
137,186,279
188,223,412
279,193,968
127,39,458
88,97,353
214,82,1367
58,102,358
174,258,313
248,215,1414
99,72,215
51,1,225
83,83,278
141,48,2044
181,180,4415
290,135,3570
143,45,2966
154,278,1501
70,17,278
293,155,744
88,44,534
190,70,205
113,275,2527
218,228,10783
285,81,620
299,204,2489
95,8,747
160,154,5481
281,209,4096
274,274,675
221,133,595
138,159,1278
284,249,11864
125,67,2706
44,272,623
210,396,1310
288,210,3109
87,303,240
176,149,300
300,175,1062
62,111,842
193,183,199
78,81,706
199,372,1226
97,210,2075
214,89,430
242,210,1913
103,199,3633
62,9,238
111,183,1537
211,279,602
193,403,1613
140,47,588
192,60,235
272,240,2152
101,113,981
291,203,1639
176,113,810
265,122,799
284,85,954
251,195,598
178,276,153
107,223,649
271,234,1481
294,215,2756
99,274,602
205,259,196
96,14,544
117,207,1061
74,312,157
291,209,4665
186,65,241
289,142,943
286,208,3714
221,78,391
109,195,1178
130,26,531
164,53,352
162,42,1243
207,392,1356
57,73,794
165,260,155
103,201,1895
166,279,191
105,262,354
230,176,267
119,41,1419
240,98,433
89,160,289
285,208,2392
156,62,761
46,18,167
66,113,418
225,132,17876
149,80,1113
107,272,565
219,241,237
130,363,345
117,23,217
123,58,1182
235,279,532
89,265,6163
76,267,639
272,226,5840
108,152,1810
206,121,708
107,94,145
181,169,965
289,210,4166
77,289,175
238,240,163
95,290,909
121,98,906
191,386,2199
227,88,1119
277,127,387
107,161,728
294,202,3217
92,184,158
273,90,522
165,116,551
288,208,2331
285,209,2677
211,420,1288
95,120,136
99,294,4144
175,156,680
248,171,413
111,175,288
155,256,340
257,188,2732
131,309,218
211,155,349
180,273,303
258,178,530
244,157,305
151,126,1362
108,200,2846
292,180,1378
70,263,1512
234,86,1093
105,121,433
209,139,327
296,221,6149
170,315,169
188,250,5704
163,161,558
234,87,543
56,309,757
259,263,222
197,94,685
154,154,915
291,139,1197
187,115,624
260,147,846
298,153,889
99,294,2420
126,167,152
115,20,582
250,160,172
103,232,1117
135,103,2394
110,306,564
112,137,10299
241,132,1025
241,166,484
252,174,823
156,49,7334
135,196,402
95,124,673
283,204,3996
192,93,214
132,163,351
160,361,165
102,47,673
70,112,378
154,312,390
238,150,345
268,222,1142
24,35,179
107,127,1186
245,280,1262
110,130,303
90,80,499
251,199,2114
251,147,974
278,161,491
249,282,448
88,14,374
237,116,299
102,109,2264
130,89,344
300,189,14706
286,206,1885
175,66,1262
254,268,458
154,355,755
202,125,448
177,121,577
289,207,5461
62,93,1079
262,176,1359
290,206,3106
111,213,1539
138,26,2417
292,215,3660
135,76,244
176,282,489
233,87,2152
276,288,953
104,97,327
73,109,4260
257,214,1571
213,161,370
235,269,445
143,286,530
275,176,171
282,133,607
202,257,195
142,34,495
239,86,1247
274,272,857
260,230,736
288,208,2158
135,258,321
280,203,8380
196,61,206
265,216,1123
103,24,688
188,200,1223
128,136,793
284,205,4386
240,90,1095
287,85,2240
249,136,344
141,47,1401
283,208,4545
156,206,573
297,204,1450
157,387,155
235,88,858
139,229,292
96,158,749
115,120,773
233,85,2757
132,245,387
85,88,177
192,365,1570
298,203,1929
253,289,564
260,84,1116
204,210,205
285,209,3056
224,236,392
202,117,671
108,48,3961
98,81,461
243,169,3834
295,215,5639
194,249,388
209,90,279
115,64,86
294,212,1791
227,165,590
12,47,413
79,58,389
305,169,8163
271,168,253
108,311,677
205,377,1374
229,295,190
144,46,1474
224,109,424
267,185,1517
288,208,1790
297,203,3239
295,202,2714
255,159,775
199,143,134
162,233,447
141,49,928
149,295,689
209,83,347
181,159,357
247,148,1025
167,175,267
231,142,246
50,24,434
234,87,593
62,306,215
90,232,864
228,227,432
181,218,2922
58,27,452
169,341,437
128,308,299
230,90,883
141,113,722
283,250,4068
233,222,2915
258,91,886
116,72,285
165,222,362
134,121,1257
238,326,284
209,77,457
248,265,245
237,155,362
295,203,2195
287,155,1858
221,106,135
140,47,699
122,231,438
59,296,467
230,137,521
202,235,210
212,232,318
201,409,282
117,154,508
219,286,1056
141,47,2418
151,100,628
86,148,295
227,175,337
304,162,832
63,104,1050
141,285,300
111,35,292
27,77,368
246,276,618
180,67,122
156,274,376
240,175,634
261,133,1103
160,256,314
170,120,897
298,172,330
34,21,536
182,277,253
160,331,736
133,252,992
159,79,1658
290,211,3698
100,133,905
151,242,332
247,137,654
286,204,2246
154,188,702
195,419,520
120,32,2385
83,230,1120
145,111,1312
293,216,1618
115,306,286
235,137,488
174,251,169
242,120,1817
241,150,455
280,208,2581
140,48,1577
138,41,5650
203,391,996
67,141,266
287,207,4089
252,296,1175
78,257,1008
275,139,1701
258,196,1823
288,214,3606
84,16,365
289,209,2513
216,143,283
79,137,525
217,245,301
131,132,1245
96,40,290
302,159,903
146,47,5066
172,72,492
249,184,1058
124,260,511
128,119,294
138,216,515
272,128,730
143,104,759
124,75,700
287,213,2645
290,215,6112
273,196,571
235,235,259
208,135,319
231,105,118
126,214,782
289,210,2757
298,213,3672
91,8,806
90,57,122
298,204,1729
110,39,281
127,177,217
244,137,2752
205,267,609
245,244,364
152,229,1300
286,212,2643
228,181,1252
140,47,840
298,201,1441
99,236,960
184,346,390
245,248,272
199,183,158
157,412,1288
213,95,450
173,254,472
141,116,733
101,12,551
14,82,481
213,185,419
198,148,291
280,153,210
123,135,1514
204,240,171
209,132,291
288,208,3983
114,288,224
45,45,785
96,295,2985
201,121,254
236,416,2366
179,404,740
169,179,296
263,92,524
139,236,840
82,28,373
151,239,164
258,202,2962
195,371,1128
239,109,150
111,121,730
111,117,1371
290,209,4329
65,115,377
239,310,1520
298,216,7524
290,207,3713
136,18,373
290,210,5654
199,248,2335
239,75,1149
163,207,998
157,202,361
98,143,650
160,278,337
276,149,1507
164,344,687
169,219,506
225,226,703
209,165,456
160,218,243
172,271,274
35,79,560
137,233,224
151,184,398
102,92,156
141,308,2161
151,61,1470
205,373,2173
94,103,974
140,147,134
93,269,1446
132,130,1593
246,207,1182
258,286,756
129,142,270
121,202,999
147,152,428
116,116,882
67,256,578
285,228,837
271,280,1031
106,202,1831
269,83,448
129,156,261
198,409,832
293,124,832
275,92,1760
162,124,875
249,156,203
101,202,3076
243,251,317
116,294,114
73,122,351
181,60,414
108,209,2124
109,73,358
215,138,1001
266,201,4940
203,279,165
291,170,335
252,139,781
72,72,2090
291,210,5389
147,235,362
240,94,585
192,115,434
275,218,10094
133,113,412
242,146,1038
115,210,1527
190,416,395
108,246,580
143,48,1676
253,179,1789
84,152,504
119,255,744
147,43,21041
221,219,439
176,211,1171
152,318,256
257,294,3679
132,131,502
29,43,311
192,215,579
297,156,1102
168,145,451
73,285,81
279,209,32236
119,23,339
35,281,991
144,302,2742
293,206,5263
112,56,713
203,289,211
283,90,2112
225,131,4060
126,304,167
284,143,957
239,419,1016
185,177,337
192,202,704
170,274,4080
166,300,465
173,111,403
259,234,359
246,166,624
105,212,1876
234,144,450
259,275,640
96,248,521
199,259,351
88,142,335
135,96,485
92,95,486
224,203,244
37,217,413
172,267,178
168,103,400
293,212,3659
74,131,726
54,102,512
176,384,94
297,215,3082
221,405,675
209,267,338
244,91,853
150,306,636
113,103,354
270,266,4919
199,74,301
117,183,525
237,86,2125
196,217,249
252,278,462
176,168,202
58,212,261
67,5,1053
102,205,149
208,183,165
287,202,5028
153,179,176
256,262,763
288,215,2350
306,169,6762
117,87,476
165,44,4374
82,102,515
194,282,246
120,50,1049
232,102,200
103,70,349
63,135,349
220,88,746
111,142,963
181,164,693
118,220,500
290,204,1411
196,123,1150
249,274,403
56,298,135
208,194,1231
96,108,270
277,264,626
175,104,545
275,101,807
124,156,1089
205,175,256
80,22,502
74,24,3225
91,17,344
220,415,1184
122,171,607
63,273,810
226,302,1563
189,67,227
274,180,341
233,148,1270
62,80,989
225,98,433
288,229,1162
123,148,954
209,407,3396
187,122,499
213,212,229
195,390,3477
262,169,468
132,21,576
261,114,940
142,46,1196
214,292,300
90,208,763
267,229,1160
239,237,278
127,98,4253
224,231,359
188,127,517
96,300,613
112,178,455
134,39,1656
54,68,882
193,212,3088
201,147,312
292,129,3685
128,184,537
85,174,259
150,31,540
246,262,442
141,125,2236
45,215,425
126,203,5470
176,182,555
284,208,2657
234,171,266
201,137,511
286,204,2714
148,174,461
292,212,2468
254,260,402
274,163,136
125,250,415
291,284,1374
202,294,1553
217,148,239
86,122,1162
138,279,538
190,152,462
295,214,2836
169,48,1041
39,77,141
121,150,224
92,150,248
172,244,1273
189,233,2674
292,204,2491
261,273,509
199,289,291
119,130,861
300,200,3330
136,204,329
234,92,1015
95,250,423
128,46,2342
191,388,11398
253,184,1945
124,241,568
223,290,528
229,187,7138
230,266,631
62,5,228
205,112,372
102,286,236
288,285,1281
114,49,478
153,84,516
267,282,1050
256,228,631
163,228,368
214,259,323
243,152,4786
288,201,5757
292,204,2699
144,46,1476
252,158,1637
113,109,296
19,76,1623
64,233,220
291,213,3456
122,205,1296
40,255,210
236,240,312
63,254,531
95,115,416
32,78,284
188,172,378
171,57,254
67,38,226
301,188,5980
236,220,864
139,364,90
291,217,5018
178,281,292
182,367,1071
290,212,3481
224,301,904
166,225,260
164,192,445
215,155,269
77,221,264
268,272,1036
291,205,1615
186,182,258
131,205,469
38,222,215
278,274,2229
65,31,755
84,142,201
154,42,6525
82,117,545
123,15,411
206,170,227
301,156,411
164,111,2409
194,98,5563
130,305,197
269,179,766
131,133,963
274,96,1779
291,209,7004
136,112,1415
268,198,4692
62,116,1871
168,256,1036
277,103,642
259,199,785
298,200,2686
86,39,218
134,227,229
199,58,362
264,137,1001
94,64,514
243,262,2221
127,231,363
184,151,382
283,210,3625
260,141,438
242,273,4005
221,122,598
285,202,1538
218,435,720
81,228,517
122,29,4489
290,165,466
143,46,793
70,13,191
96,111,281
117,266,911
126,282,485
170,347,669
163,116,222
260,148,3978
142,45,471
89,202,1443
135,210,384
86,96,695
193,90,511
79,67,319
104,164,1335
238,100,400
304,187,7258
286,206,2169
183,156,378
133,319,610
203,204,772
128,93,617
233,205,806
247,116,648
98,10,538
205,165,775
291,201,5405
180,304,85
161,174,479
236,236,293
90,155,267
221,174,3878
300,194,1839
105,32,456
253,169,487
161,267,120
220,428,668
196,212,356
141,45,1675
293,214,3242
111,70,725
49,125,261
118,227,3511
254,232,1386
287,203,2612
203,139,1288
163,386,88
268,174,510
202,185,399
167,165,172
218,94,214
259,257,995
205,132,312
271,255,659
93,81,350
110,221,891
131,192,672
140,152,116
291,221,15153
283,209,3588
187,250,3592
138,44,1492
80,105,532
290,203,3165
220,120,218
250,241,1024
276,281,4264
290,203,1848
287,206,3395
234,189,160
206,292,866
134,34,741
125,79,725
224,102,170
275,143,278
258,103,582
113,260,972
223,76,822
156,238,700
272,115,9985
108,257,356
283,209,2836
259,237,1119
144,37,4641
298,218,3621
104,267,428
153,395,2196
138,320,864
124,267,494
140,202,738
235,88,791
262,88,515
282,113,1222
110,264,1424
117,149,1476
149,271,241
260,203,8142
293,164,2529
288,214,1887
133,131,965
270,251,1853
255,150,465
270,194,1142
120,93,626
189,107,146
162,49,8922
194,227,132
273,160,460
265,277,820
222,83,487
222,151,385
178,267,869
139,196,299
191,56,356
201,288,165
291,204,1481
114,164,952
206,127,482
132,134,759
139,61,1225
133,305,164
254,275,683
134,216,862
196,137,320
140,46,2733
51,105,1490
216,286,470
195,57,164
232,209,636
101,34,357
235,87,1357
221,233,588
224,136,638
107,242,460
256,210,793
201,261,245
137,298,196
116,161,163
155,220,221
58,49,241
237,164,1455
115,79,1283
291,211,1697
206,81,435
286,118,765
282,202,3958
235,231,282
237,158,186
82,61,765
80,154,1633
200,208,3956
235,315,922
215,422,1381
91,123,217
299,203,2807
32,299,980
175,358,848
274,212,15576
85,280,354
266,90,525
37,84,349
233,285,462
207,229,351
142,232,166
266,86,634
255,284,701
131,131,976
105,78,275
74,201,1314
200,376,1466
222,126,868
226,158,255
136,129,13590
68,107,569
188,391,1657
288,206,2462
111,108,335
276,231,3635
218,227,4422
297,199,4280
131,292,269
229,250,395
218,186,183
223,250,268
106,290,480
224,260,970
81,108,764
93,73,598
91,236,786
224,171,642
21,58,599
214,225,560
280,282,19265
231,270,536
167,139,123
164,215,271
220,192,567
236,274,447
292,202,7688
115,35,521
264,177,512
165,284,164
100,119,441
282,208,6376
189,400,303
218,229,5610
140,132,4288
140,108,631
116,76,623
273,259,1881
145,31,374
197,118,549
161,239,1723
58,89,4954
247,300,648
231,247,325
178,65,203
257,147,622
31,41,83
58,111,669
233,99,304
300,203,3690
258,170,435
75,60,829
123,127,1770
222,194,166
257,140,717
289,124,549
71,272,1164
140,73,812
283,250,6305
152,187,147
157,169,604
123,30,1997
206,160,280
191,168,282
120,115,279
134,240,253
74,85,3330
182,116,2412
231,227,1826
172,231,334
134,300,1331
141,48,1053
56,255,958
238,282,443
105,307,1604
107,153,17709
300,225,9399
148,311,1702
279,97,1243
167,59,213
248,308,987
255,190,7762
223,277,393
185,77,1253
150,35,2462
139,45,3253
220,177,1686
243,116,245
164,268,172
148,285,226
266,95,1026
192,277,322
74,259,1521
73,110,1584
95,71,423
103,202,4132
141,211,310
187,134,6814
189,382,1598
177,197,357
126,144,467
192,253,738
286,206,2151
133,132,1664
285,209,2534
42,60,102
67,93,498
129,21,456
249,251,4653
289,208,3566
158,164,300
291,207,2757
196,269,422
178,233,589
121,192,337
187,134,2314
263,154,283
164,379,158
104,18,290
226,143,559
243,201,187
80,299,250
282,125,480
66,129,192
146,357,120
210,160,332
83,135,149
242,232,502
183,71,273
155,159,642
187,74,474
102,185,454
106,68,554
146,140,693
295,201,1445
142,46,817
200,253,116
24,85,232
234,225,272
134,83,1403
199,282,126
216,119,1784
131,131,773
168,268,222
133,132,602
281,224,11758
250,303,756
86,256,485
281,205,1692
103,65,1955
231,301,345
234,87,510
252,164,266
131,62,970
64,88,1401
199,218,362
121,218,1080
211,292,1504
284,202,3386
178,312,319
235,302,670
87,179,111
156,334,1718
204,89,236
195,279,563
117,172,705
181,98,1134
132,132,1077
243,169,3910
59,132,87
163,148,677
237,213,290
255,88,1593
132,133,952
187,110,676
50,85,375
287,239,5009
265,190,265
173,180,279
284,213,5329
291,208,4852
111,117,316
162,187,171
278,212,1436
283,218,9602
137,78,340
109,294,747
215,242,629
174,412,925
149,91,307
277,199,4640
152,285,368
218,253,109
162,322,167
246,311,889
154,210,725
290,206,3351
113,250,367
150,28,362
140,296,682
155,108,493
123,119,690
106,202,1668
283,128,504
86,26,295
155,328,983
270,200,743
141,45,701
129,278,438
81,248,206
150,383,761
287,205,4856
171,285,1389
296,283,1200
190,185,397
217,79,206
211,227,256
91,294,359
290,211,2222
228,233,448
30,219,82
96,26,1447
110,235,629
242,314,495
102,296,966
151,164,605
73,78,881
146,48,2756
162,168,201
84,36,225
208,200,3218
251,205,845
230,169,356
257,133,593
139,49,5538
231,213,433
235,87,301
152,74,816
242,309,2410
97,254,432
128,217,632
213,150,375
252,264,778
175,361,323
137,123,1814
73,254,766
174,200,267
91,131,235
142,54,8574
297,203,1779
141,281,491
59,281,333
228,149,2318
98,201,3727
123,25,362
177,216,3260
164,169,1254
77,134,378
125,175,326
182,405,227
168,63,693
104,203,5118
107,118,586
251,236,468
179,148,310
146,290,235
142,246,414
213,99,503
199,255,625
241,105,279
180,138,395
242,100,486
132,133,456
144,182,589
149,197,270
301,193,6414
194,76,328
147,170,105
291,119,536
213,197,1531
178,211,268
246,98,737
172,62,181
239,277,406
30,35,313
52,273,673
169,380,280
57,208,612
156,126,1268
242,86,2152
168,302,296
165,94,565
179,74,666
166,124,636
154,103,563
108,268,693
174,290,147
108,107,522
271,209,15653
196,253,139
264,270,677
271,284,747
222,173,16105
258,224,1334
222,228,876
98,152,763
100,261,1556
140,303,1237
85,105,504
67,130,101
141,119,364
254,238,480
256,113,443
186,276,240
259,249,1800
133,222,532
236,175,192
287,215,3464
231,88,1662
236,262,4400
289,208,3414
71,280,142
150,330,699
109,202,13019
57,319,337
224,161,306
104,227,543
186,196,543
190,137,772
210,170,2378
101,137,441
84,167,277
73,104,417
217,75,396
166,236,944
284,102,942
286,203,3505
143,93,199
145,214,369
114,234,349
292,203,3274
59,93,697
294,222,7003
271,185,2065
250,218,4343
277,226,11082
245,132,506
281,118,688
178,186,249
291,207,4836
130,147,737
157,181,2271
195,133,877
291,225,10447
170,362,289
225,241,501
136,200,486
205,283,1153
197,159,150
185,159,262
293,134,2639
253,220,496
132,158,188
190,227,398
152,387,1886
248,187,9874
287,260,3237
292,214,4962
150,133,1140
234,161,239
68,72,183
102,28,583
88,289,824
233,421,296
187,263,332
191,287,530
219,297,113
211,222,239
68,104,424
140,316,1893
87,176,202
295,213,3438
217,269,433
291,205,2049
120,139,2681
104,270,310
269,119,1088
293,215,2839
137,45,364
160,293,331
235,84,5938
161,71,1153
119,104,364
69,135,324
125,356,376
155,214,605
121,15,629
207,277,267
139,54,3000
100,168,349
120,76,458
201,130,621
131,355,738
290,208,5122
145,192,644
293,208,3818
37,227,2159
53,4,229
107,34,469
287,180,274
132,66,990
136,248,254
164,203,208
23,46,871
294,214,2808
240,140,576
82,13,354
291,203,2165
62,106,425
234,82,253
51,235,318
62,102,457
182,53,1264
287,205,2872
160,103,734
180,51,1073
191,100,3348
180,228,170
122,160,196
291,212,5064
197,264,599
155,234,536
229,277,494
144,87,744
233,86,381
212,414,866
253,207,1161
142,47,868
145,46,3272
160,116,761
130,74,4615
192,392,1191
234,87,300
141,48,746
213,92,462
162,263,764
159,188,306
177,117,258
197,259,145
176,242,1443
120,19,740
214,273,1529
175,287,221
148,136,2949
149,74,377
233,87,993
304,178,2354
281,101,2841
125,310,163
146,164,422
262,278,918
241,129,566
124,95,374
179,347,123
88,68,1812
193,231,491
70,48,411
241,224,532
150,49,7481
247,232,1299
176,404,277
174,175,230
120,262,618
278,137,411
223,114,400
296,214,2680
83,131,243
199,68,1902
86,216,2625
289,213,2531
250,123,320
170,107,845
291,210,4214
245,266,323
107,280,397
112,229,753
119,81,433
31,87,239
278,88,871
157,130,409
168,185,139
114,40,773
164,65,245
138,241,332
240,196,2508
180,216,7560
279,97,1613
71,234,93
166,207,720
171,41,1692
152,91,308
153,139,331
99,22,239
275,107,1491
92,25,161
99,122,532
159,352,1634
288,213,4206
156,370,1443
271,96,831
167,131,288
297,214,2488
294,214,2032
135,61,972
184,53,7075
223,119,646
53,31,232
290,209,2082
242,283,464
130,120,527
246,222,2122
139,47,3638
128,180,99
235,87,236
146,201,458
234,297,342
103,11,992
157,199,218
56,98,838
129,270,654
169,202,231
215,411,865
249,201,2256
178,286,153
78,262,873
119,241,547
271,246,1185
293,213,2135
107,158,1201
155,74,2289
229,273,757
229,221,574
296,203,2316
188,372,4524
133,30,782
137,27,4913
257,280,3913
289,207,2859
238,142,292
295,230,9623
217,223,707
267,158,332
85,23,630
113,31,915
222,156,826
121,67,1081
123,132,593
229,256,2297
150,193,411
151,43,5219
143,49,2466
98,17,348
103,255,447
283,250,6859
92,306,1256
275,204,4257
81,283,125
225,217,299
241,253,480
113,270,638
205,75,433
225,220,446
300,196,5488
141,48,714
54,304,221
114,200,4297
106,203,4053
183,273,1258
182,246,437
262,128,689
209,149,359
157,284,325
62,182,1226
162,240,4929
133,134,4636
172,165,1055
205,103,808
183,128,1403
124,21,710
93,44,225
147,74,843
120,179,827
223,102,448
280,282,6130
159,262,168
99,78,619
133,137,5994
269,91,536
236,305,997
155,250,232
236,111,189
264,222,1589
185,378,414
111,65,207
162,200,255
297,181,365
107,206,984
122,104,494
109,301,214
227,123,470
112,18,1938
145,132,973
139,253,503
76,213,149
269,98,312
269,105,1237
111,11,747
146,125,507
199,213,532
185,189,252
81,291,481
278,96,12505
142,47,2163
236,168,427
162,339,1629
193,376,2420
158,224,513
208,286,351
108,153,222
192,173,153
183,280,247
136,288,320
103,128,238
207,399,461
139,166,150
196,112,1393
301,201,1617
194,104,883
241,154,651
179,216,4382
290,211,3919
86,252,352
162,290,234
184,234,363
85,100,2542
45,236,1226
202,405,852
197,164,138
207,421,688
173,194,231
294,212,3183
188,386,2332
133,131,1786
170,318,207
141,46,2066
94,142,574
137,192,857
74,142,765
247,258,635
130,53,3017
167,244,445
19,78,1846
280,269,1716
246,129,425
262,187,1991
150,361,214
242,77,1571
123,152,153
186,240,1062
134,272,2726
301,202,1341
290,202,2253
241,306,6199
141,138,3332
194,290,245
214,170,231
169,224,410
172,136,299
147,223,341
115,220,1151
168,288,142
195,98,3963
177,108,337
210,203,433
229,235,469
237,95,313
207,256,1096
116,159,133
132,280,366
162,305,239
143,323,240
248,271,457
177,189,2106
78,123,761
139,39,1787
23,90,153
251,95,330
275,125,1560
149,299,475
141,42,10323
286,207,2793
190,348,75
55,80,482
172,150,684
290,145,1149
94,214,2376
69,83,247
162,337,1770
112,45,447
298,204,2690
139,93,240
117,144,654
71,66,10826
279,215,38894
102,250,161
138,98,380
295,203,6318
130,288,365
300,230,9921
235,105,269
122,224,772
247,160,479
147,102,430
11,79,260
218,232,440
127,22,621
165,274,274
67,97,256
298,201,2702
96,166,193
250,114,379
132,133,821
293,207,3920
117,27,421
258,291,787
220,283,853
88,112,494
136,274,418
246,94,628
194,67,533
127,59,690
97,258,589
167,55,755
287,215,2874
216,152,1258
218,206,368
16,41,390
183,121,567
113,99,945
258,279,2085
68,77,1570
197,73,703
138,46,2223
132,132,925
126,52,1495
190,156,270
59,81,565
81,243,372
298,202,2886
103,248,168
159,314,415
295,213,2758
130,132,2081
142,354,350
206,217,737
159,108,329
297,140,828
30,53,197
239,79,398
25,77,345
206,185,939
262,286,615
105,218,738
76,119,587
131,134,1467
298,219,4109
143,86,443
113,206,2577
102,39,494
129,138,1166
195,100,5652
218,105,195
289,204,3099
261,173,292
125,88,1165
280,123,475
184,146,1169
278,254,1373
296,202,2448
234,87,490
108,65,337
98,281,1145
210,277,541
204,142,851
157,55,996
89,108,864
182,63,214
290,204,1476
171,264,135
246,87,1241
251,224,1407
180,410,723
215,400,1312
227,117,660
55,86,658
253,201,1983
214,104,416
120,58,843
180,259,708
219,277,1744
230,85,574
129,133,6801
282,203,11012
75,139,417
198,126,432
71,7,846
88,19,582
279,207,11323
268,125,426
155,278,1599
50,43,178
204,81,86
128,198,261
249,247,526
238,125,271
138,324,1475
293,213,2411
247,152,4560
64,72,434
230,315,657
243,184,742
82,89,289
189,163,6305
227,120,518
285,266,1447
155,114,289
201,69,3440
142,156,734
79,88,289
209,116,859
227,112,551
126,228,354
186,228,234
140,46,2198
236,86,1064
190,76,294
293,203,3973
207,383,1343
271,100,584
156,306,1524
227,419,827
143,319,692
63,135,917
282,208,3254
250,287,267
169,78,203
121,280,752
233,84,1137
228,412,935
150,251,335
125,161,172
183,126,746
199,285,142
135,285,223
165,335,374
31,232,389
289,215,1562
182,263,616
149,215,580
209,245,269
247,239,2588
120,212,1413
202,64,1365
95,35,430
209,208,276
144,372,635
175,45,619
161,183,230
287,255,3545
151,255,519
234,254,216
121,144,734
111,113,428
193,160,365
257,243,2076
180,80,508
241,268,569
182,180,1227
143,226,611
66,47,3127
197,402,494
180,155,119
140,46,716
197,171,89
104,201,2394
156,74,4859
80,305,109
183,105,780
238,264,614
263,182,947
253,255,408
267,169,439
143,311,7219
58,248,108
289,208,2489
288,210,3293
153,80,424
182,251,687
213,293,485
241,163,368
294,205,3436
192,197,342
95,119,66
248,255,472
282,215,3871
74,90,435
123,83,326
50,63,258
116,57,694
219,78,426
218,291,447
253,245,708
238,105,373
258,155,343
142,29,1329
116,97,680
199,378,1031
295,209,5078
129,182,84
99,269,1038
233,112,200
180,134,439
292,211,2297
143,49,3699
236,160,166
256,143,1110
130,133,1573
156,112,370
232,215,427
156,288,320
195,208,277
224,179,922
216,282,8273
133,130,664
226,81,1144
213,77,263
269,212,15998
191,122,425
118,200,1218
279,143,597
142,241,300
92,177,82
120,293,204
107,87,517
211,188,286
175,263,435
142,276,456
190,80,169
162,213,525
158,259,264
152,365,1175
131,57,789
133,230,461
171,96,531
285,161,346
217,129,440
144,61,429
223,187,555
61,98,1149
224,79,247
159,137,572
130,80,619
161,284,187
104,146,614
153,67,2387
140,46,813
121,187,573
106,15,675
242,191,929
93,164,190
155,97,339
140,391,469
86,134,286
87,63,667
282,139,682
298,148,9976
195,187,305
190,274,336
132,132,994
106,19,363
175,217,4978
112,85,345
92,170,408
265,101,500
169,338,254
142,45,806
168,282,166
263,266,1303
110,15,512
174,80,337
169,195,420
228,298,830
242,125,481
223,409,1001
164,315,1892
204,385,802
79,94,706
163,111,1819
201,166,98
244,204,871
289,113,728
107,9,480
55,75,2141
196,192,270
136,291,118
148,56,4496
222,96,981
192,147,816
106,41,593
108,187,813
234,152,306
97,75,474
197,205,369
112,246,823
167,306,69
103,74,374
189,271,179
283,167,246
161,120,578
207,224,341
143,48,856
279,205,9152
287,208,2968
144,27,356
293,215,2681
76,51,667
232,128,522
215,247,239
264,195,2739
261,243,3619
234,87,812
12,51,657
168,231,512
143,79,894
150,278,259
287,201,8230
158,69,1124
276,87,617
162,155,3175
195,152,407
291,215,2153
149,112,250
67,214,546
46,280,845
173,143,427
244,104,684
224,166,144
99,43,538
263,167,279
119,236,618
290,158,633
161,95,237
64,315,241
164,288,535
283,253,9721
164,82,320
115,125,772
256,164,624
277,237,988
261,152,437
136,156,199
99,242,799
219,272,705
227,126,689
296,216,9696
67,18,610
134,132,3873
217,99,417
293,207,3902
163,405,1608
141,291,2064
287,245,10176
196,156,211
101,17,381
112,256,438
49,302,493
28,16,342
206,263,298
160,253,193
136,165,213
241,294,376
78,165,339
96,87,381
119,127,669
144,310,4998
230,183,1283
161,78,356
195,110,873
63,69,749
201,366,606
266,251,661
238,82,420
288,235,1397
126,151,313
133,42,18621
76,6,574
195,166,235
247,103,3942
89,257,588
201,267,592
126,289,2827
249,290,337
292,208,4992
49,60,170
258,183,3499
282,216,4123
216,216,638
58,15,298
113,285,257
104,201,1474
89,314,305
122,122,2031
293,193,2910
158,87,5135
299,200,2962
134,22,659
168,216,413
166,257,295
301,200,3268
290,204,1943
228,281,472
191,239,424
103,278,1591
167,272,827
100,199,1490
199,80,247
92,153,212
192,265,437
294,218,3113
104,143,596
215,96,1496
94,163,260
234,311,1147
224,418,730
144,47,1047
161,250,407
91,136,325
256,298,659
141,47,892
150,88,387
155,379,636
119,124,585
194,219,272
81,9,288
119,249,460
132,197,583
214,136,206
83,31,582
88,127,328
248,176,410
91,22,351
59,63,478
235,87,849
242,138,1641
289,215,4379
173,209,336
229,245,392
148,178,192
96,285,1259
235,88,5246
269,102,710
144,49,2932
157,101,252
197,275,270
167,70,1230
89,246,561
161,309,285
198,236,444
288,207,3043
79,76,413
285,175,733
210,73,808
289,205,4683
230,172,1807
282,213,1688
300,194,2415
200,240,528
129,49,1499
175,161,229
276,209,10658
217,124,466
55,129,110
147,318,236
234,88,802
124,41,1267
181,110,692
225,278,766
197,250,217
99,163,249
179,254,778
282,210,7521
187,409,895
159,206,6660
153,149,430
218,173,1872
44,82,272
182,185,147
109,203,1472
211,262,427
132,133,458
139,187,341
271,139,404
226,287,421
260,122,456
200,169,138
147,276,426
286,208,5186
173,311,178
298,163,458
147,184,447
109,99,960
223,197,432
261,163,2720
193,206,741
223,295,676
61,86,1808
213,145,252
199,106,313
157,150,702
183,390,985
222,183,1660
51,80,643
66,70,851
201,110,510
195,82,414
199,228,185
249,194,616
229,81,500
80,129,480
299,199,6386
97,47,329
146,352,2293
297,203,2462
104,301,1014
237,228,461
260,192,964
253,232,8793
124,274,1006
219,183,2994
141,46,956
73,249,454
145,293,390
107,256,459
249,132,537
114,27,664
108,47,870
49,208,810
185,93,1068
239,134,866
246,192,472
231,132,657
54,226,226
233,242,504
269,145,242
146,144,733
78,240,220
271,155,1117
279,210,5196
220,92,1629
199,201,714
290,202,2537
204,252,344
214,230,417
134,89,94
117,112,936
263,253,635
285,205,2568
193,397,643
246,103,643
279,131,1090
260,158,729
186,146,1946
141,48,944
167,295,125
148,372,287
123,110,415
114,311,595
191,302,375
209,260,308
187,244,730
65,12,173
132,132,554
231,310,452
60,61,846
286,204,2056
130,73,6055
294,216,2728
116,46,626
251,294,422
293,197,19773
53,96,973
290,210,2458
203,230,243
169,248,318
280,283,1140
205,72,2280
96,29,1050
288,203,3877
294,204,2383
132,117,298
186,253,2172
285,207,2765
141,46,1103
63,120,248
184,283,392
127,224,685
236,317,575
38,41,309
95,220,1144
250,78,577
294,219,9621
121,111,298
176,142,1215
265,161,416
192,64,89
257,117,1015
69,87,386
171,78,306
291,211,3718
130,165,137
119,274,1166
225,428,886
91,13,378
66,248,181
234,199,772
198,396,2409
279,96,4087
104,245,272
291,211,1365
133,155,282
153,299,293
123,46,1453
101,154,883
215,266,365
181,207,307
142,48,1743
152,55,1462
203,285,130
297,201,4997
113,131,480
274,122,429
131,132,2339
236,86,2412
286,112,853
125,16,862
75,114,237
239,253,215
147,107,874
296,159,469
290,208,1311
49,92,1631
107,27,775
275,251,541
224,239,212
194,176,109
102,218,613
152,35,3778
82,273,172
290,212,3517
154,292,277
218,213,732
107,22,343
300,202,2118
152,172,372
221,216,1692
156,92,302
291,206,6058
138,88,162
180,224,416
253,283,693
189,301,111
287,218,7372
108,153,1452
148,84,492
128,211,657
199,383,1026
223,146,449
60,72,593
174,299,222
131,110,384
210,218,362
290,115,610
269,162,314
146,330,907
141,49,3610
173,351,792
283,206,2047
253,128,122
289,211,3666
147,248,736
266,165,194
285,204,4956
238,85,5607
157,396,2750
66,59,835
46,68,948
173,127,669
246,103,3768
68,137,216
187,143,632
146,269,897
295,204,3733
136,295,349
296,214,4005
189,283,146
189,291,345
290,214,4128
218,111,716
195,285,242
252,104,581
69,101,950
86,138,640
188,365,1809
142,218,528
198,244,670
239,297,396
182,310,331
286,212,10566
282,286,2200
61,108,540
133,107,555
279,188,4606
248,251,2133
84,80,192
72,67,6952
89,170,146
233,125,1098
248,119,401
141,47,2117
217,189,235
239,180,614
84,159,692
198,199,261
265,117,846
112,24,309
200,69,4787
132,126,1495
129,32,1962
276,120,986
195,384,1720
242,322,506
109,25,333
154,131,237
266,207,2035
230,289,358
243,229,2234
240,159,421
140,48,4044
143,46,1757
128,83,1744
193,85,521
177,204,341
146,28,316
110,279,349
289,206,3390
247,125,1051
202,225,326
141,48,1143
262,213,6930
90,32,275
291,190,788
177,368,398
139,244,551
179,88,270
147,241,379
110,126,622
189,218,651
244,109,810
272,144,589
289,208,2185
277,262,2855
102,124,258
168,95,451
250,191,314
215,236,284
167,151,660
212,269,434
142,49,690
114,223,1059
193,71,361
287,211,2845
85,295,1061
286,207,2985
124,253,3057
234,88,145
145,284,228
87,118,416
87,270,312
285,207,2218
74,130,2571
129,73,2738
55,61,322
290,206,2681
148,39,12118
112,195,3547
136,192,5537
54,93,1478
172,188,538
120,188,630
136,135,846
139,82,266
140,144,627
77,146,471
89,102,900
8,81,467
235,79,372
267,148,334
67,242,122
244,217,576
128,221,670
133,131,1502
85,312,615
115,101,333
141,268,334
226,93,1461
80,46,174
207,95,423
219,182,974
167,359,226
104,199,2593
263,104,594
211,86,186
288,215,4765
125,195,1764
100,104,1221
275,133,586
223,246,386
61,49,154
283,202,4579
266,142,141
285,202,12214
176,99,2117
73,269,690
143,364,666
194,273,142
183,195,980
247,210,270
209,107,639
122,210,620
132,131,826
142,46,1407
229,95,1018
196,179,544
206,414,713
254,302,580
105,201,4108
229,154,1221
244,239,1259
178,126,523
276,268,619
202,191,404
180,47,954
183,221,846
221,147,1513
162,359,517
179,244,252
288,211,3737
293,212,2766
192,223,273
152,88,152
155,195,490
141,85,630
143,98,1121
227,195,399
192,54,739
200,86,210
215,191,340
176,58,667
144,45,1044
162,129,258
146,94,308
185,69,790
212,286,400
293,148,1367
82,156,399
175,315,132
74,260,5847
143,68,159
219,402,2089
207,236,603
154,246,455
149,262,640
251,108,790
188,101,1082
249,228,743
183,102,1777
226,267,3238
117,107,469
138,311,3690
287,207,3572
209,272,612
172,207,308
130,200,745
170,155,547
143,45,1039
159,160,772
252,271,3335
215,98,4398
168,397,693
142,47,833
238,171,528
69,122,480
173,87,942
275,200,5009
176,136,544
108,232,378
299,235,8501
131,133,1140
97,182,423
139,223,1913
178,290,77
282,212,19027
284,107,1111
182,92,1103
152,268,148
118,72,220
28,240,175
79,252,108
293,175,615
216,179,492
138,45,4925
222,265,1118
82,265,1001
203,159,134
207,211,1604
234,187,564
295,144,855
224,285,524
294,120,439
158,335,997
278,113,1579
267,154,296
288,134,6876
167,197,153
120,88,593
92,301,217
283,154,348
160,60,626
167,86,921
277,153,184
211,402,1697
116,84,330
196,224,734
243,255,399
157,192,169
233,176,380
213,131,298
131,261,450
141,46,1623
173,353,609
134,177,105
113,155,688
173,120,533
111,216,1372
130,131,1962
218,84,471
297,216,5326
93,262,1833
261,300,350
207,156,368
216,280,3770
163,79,204
44,79,271
154,324,223
183,301,142
118,302,211
163,327,211
128,299,162
123,296,352
160,299,180
143,163,317
187,295,332
176,296,167
212,253,196
202,101,1436
74,25,1091
98,174,198
181,291,332
67,296,91
45,223,313
211,239,599
228,202,474
193,298,185
141,176,371
154,144,395
232,85,309
31,47,212
155,265,226
40,52,260
175,307,137
167,292,276
133,170,170
106,170,195
54,243,180
209,178,321
